name_id,architect_name,slug,usage_count
1,パンジョ設計共同体(環境開発研究所＋坂倉建築研究所),panjiョ設計共同体環境開発研究所＋坂倉建築研究所,1
2,鹿島建設,kajima-kensetsu,1
3,黒川紀章建築都市設計事務所,kisho-kurokawa-architects,1
4,日本大学小林美夫研究室＋アトリエ・K,日本大学小林美夫研究室＋atorie・K,1
5,白井建築研究所,白井建築研究所,1
6,槇総合計画事務所,maki-associates,1
7,磯崎新アトリエ＋環境計画,磯崎新atorie＋環境計画,1
8,竹中工務店,takenaka-komuten,1
9,日本電信電話公社建築局,日本電信電話公社建築局,1
10,安井建築設計事務所,安井建築設計事務所,1
11,日建設計・大阪,日建設計・大阪,1
12,菊竹清訓建築設計事務所,菊竹清訓建築設計事務所,1
13,篠原一男,篠原一男,1
14,fromnow,fromnow,1
15,木村誠之助総合計画事務所,木村誠之助総合計画事務所,1
16,日建設計・東京,日建設計・東京,1
17,日大生産工学部宗研究室＋千代田建築研究所,日大生産工学部宗研究室＋千代田建築研究所,1
18,池田設計事務所,池田設計事務所,1
19,岡田新一設計事務所,岡田新一設計事務所,1
20,浦辺建築事務所,浦辺建築事務所,1
21,黒川紀章建築・都市設計事務所,黒川紀章建築・都市設計事務所,1
22,綜環境計画研究所,綜環境計画研究所,1
23,信設計事務所,信設計事務所,1
24,一色建築設計事務所,一色建築設計事務所,1
25,土岐新建築総合計画事務所,土岐新建築総合計画事務所,1
26,青島設計室,青島設計室,1
27,梵寿綱,梵寿綱,1
28,須賀徳光,須賀徳光,1
29,小沢明,小沢明,1
30,村田靖夫建築研究室,村田靖夫建築研究室,1
31,野口捷二,野口捷二,1
32,荒木正彦,荒木正彦,1
33,内井昭蔵建築設計事務所,内井昭蔵建築設計事務所,1
34,アーキヴィジョン,aーkiヴィjiョn,1
35,美建．設計事務所,美建．設計事務所,1
36,木島安史＋YAS都市研究所,木島安史＋YAS都市研究所,1
37,伊丹潤建築設計研究所,伊丹潤建築設計研究所,1
38,吉村順三,吉村順三,1
39,白沢宏規,白沢宏規,1
40,赤崎尚信,赤崎尚信,1
41,関沢弘子 関沢勝一,関沢弘子-関沢勝一,1
42,武藤章,武藤章,1
43,三井不動産 日本設計事務所 武藤構造力学研究所,三井不動産-日本設計事務所-武藤構造力学研究所,1
44,大成建設,taisei-kensetsu,1
45,住友不動産建築技術部・戎工務店,住友不動産建築技術部・戎工務店,1
46,竹下建築設計室,竹下建築設計室,1
47,富永譲＋フォルムシステム研究所,富永譲＋fuォrumushisutemu研究所,1
48,トリアド建築設計事務所,toriado建築設計事務所,1
49,曽根幸一＋環境設計研究所,曽根幸一＋環境設計研究所,1
50,クラマタ・デザイン事務所,kuramata・dezain事務所,1
51,内田繁・三橋いく代,内田繁・三橋iku代,1
52,北村陸夫建築設計室,北村陸夫建築設計室,1
53,吉岡・田島設計事務所,吉岡・田島設計事務所,1
54,清水建設建築設計本部,清水建設建築設計本部,1
55,指宿真智雄＋建築デザイン,指宿真智雄＋建築dezain,1
56,緑地デザイン,緑地dezain,1
57,設備デザイン,設備dezain,1
58,伊藤喜三郎建築研究所,伊藤喜三郎建築研究所,1
59,建築研究所アーキヴィジョン,建築研究所aーkiヴィjiョn,1
60,磯崎新アトリエ,arata-isozaki-atelier,1
61,清家清,清家清,1
62,戸田建設,戸田建設,1
63,芦原建築研究所,芦原建築研究所,1
64,芦原建築設計研究所,芦原建築設計研究所,1
65,中島龍彦建築事務所,中島龍彦建築事務所,1
66,香山アトリエ,香山atorie,1
67,DAM・DAN,DAM・DAN,1
68,保坂陽一郎建築研究所,保坂陽一郎建築研究所,1
69,森京介建築事務所,森京介建築事務所,1
70,日本図書館協会施設委員会,日本図書館協会施設委員会,1
71,兵庫県建築部営繕課,兵庫県建築部営繕課,1
72,榎本建築設計事務所,榎本建築設計事務所,1
73,香川県土木部建築課・豊浜町建設課,香川県土木部建築課・豊浜町建設課,1
74,川崎製鉄営繕部建築課,川崎製鉄営繕部建築課,1
75,村野・森建築事務所,村野・森建築事務所,1
76,木村弘,木村弘,1
77,石井和紘＋難波和彦,石井和紘＋難波和彦,1
78,上田篤＋塩路建築事務所,上田篤＋塩路建築事務所,1
79,日新設計,日新設計,1
80,芙蓉総合開発,芙蓉総合開発,1
81,日本設計事務所,日本設計事務所,1
82,坂倉建築研究所東京事務所,坂倉建築研究所東京事務所,1
83,井上武吉研究所,井上武吉研究所,1
84,岡田威海,岡田威海,1
85,アトリエ・モルフ建築事務所,atorie・morufu建築事務所,1
86,鋤納忠治,鋤納忠治,1
87,黒沢隆研究室,黒沢隆研究室,1
88,氏家隆正設計事務所,氏家隆正設計事務所,1
89,アーキブレーン,aーkibureーn,1
90,星島建築設計事務所,星島建築設計事務所,1
91,小野建築・環境計画事務所,小野建築・環境計画事務所,1
92,URBOT,URBOT,1
93,藤井博巳建築研究室,藤井博巳建築研究室,1
94,林雅子 林・山田・中原設計同人,林雅子-林・山田・中原設計同人,1
95,坂倉建築研究所大阪事務所,坂倉建築研究所大阪事務所,1
96,デザインシステム,dezainshisutemu,1
97,清水建設,shimizu-kensetsu,1
98,兵庫沖縄友愛運動推進協議会,兵庫沖縄友愛運動推進協議会,1
99,小野建築設計事務所,小野建築設計事務所,1
100,環境デザイン研究所,環境dezain研究所,1
101,匠設計,匠設計,1
102,アトリエ・ナカソネ＋アトリエ・アイ,atorie・nakasone＋atorie・ai,1
103,国建設計,国建設計,1
104,池原謙一郎,池原謙一郎,1
105,大林組,obayashi-gumi,1
106,福沢健次＋F設計計画事務所,福沢健次＋F設計計画事務所,1
107,日立建設設計,日立建設設計,1
108,三菱地所,mitsubishi-jisho,1
109,集団住宅・建築研究所,集団住宅・建築研究所,1
110,海洋博沖縄設計共同企業体,海洋博沖縄設計共同企業体,1
111,船クラスター施設・展示設計共同企業体（環境設計研究所・谷口アトリエ・熊井建築設計事務所）,船kurasutaー施設・展示設計共同企業体（環境設計研究所・谷口atorie・熊井建築設計事務所）,1
112,村田豊建築事務所,村田豊建築事務所,1
113,環境設計研究所,環境設計研究所,1
114,谷口アトリエ,谷口atorie,1
115,熊井建築設計事務所,熊井建築設計事務所,1
116,神谷宏治計画設計事務所,神谷宏治計画設計事務所,1
117,山下和正建築研究所,山下和正建築研究所,1
118,白井晟一研究所,白井晟一研究所,1
119,建築計画研究所,建築計画研究所,1
120,AZ Institute,AZ-Institute,1
121,山崎泰孝,山崎泰孝,1
122,吉村設計事務所,吉村設計事務所,1
123,村野藤吾,村野藤吾,1
124,日本電信電話公社建築,日本電信電話公社建築,1
125,仙アートスタジオ＋戸田建設,仙aーtosutajio＋戸田建設,1
126,相田武文,相田武文,1
127,岡設計,岡設計,1
128,日建設計,nikken-sekkei,1
129,大高建築設計事務所,大高建築設計事務所,1
130,早稲田大学穂積研究室,早稲田大学穂積研究室,1
131,坂本一成,坂本一成,1
132,伊東豊雄,toyo-ito,1
133,シーザー・ペリ(グルーエン設計事務所),shiーzaー・periguruーen設計事務所,1
134,久米建築事務所,久米建築事務所,1
135,象設計集団,象設計集団,1
136,池田宮彦設計事務所,池田宮彦設計事務所,1
137,神谷宏治計画・設計事務所,神谷宏治計画・設計事務所,1
138,日本大学生産工学部神谷研究室,日本大学生産工学部神谷研究室,1
139,大谷研究室,大谷研究室,1
140,村野藤吾・大成建設設計部,村野藤吾・大成建設設計部,1
141,橋本文隆＋YAS都市研究所,橋本文隆＋YAS都市研究所,1
142,長谷川逸子,長谷川逸子,1
143,高木滋生建築設計事務所,高木滋生建築設計事務所,1
144,SDAスペースデザインアソシエート,SDAsupeーsudezainasoshieーto,1
145,アルプ設計室,arupu設計室,1
146,武基雄＋武建築設計研究所,武基雄＋武建築設計研究所,1
147,高須賀晋,高須賀晋,1
148,出江寛,出江寛,1
149,相田武文設計研究所,相田武文設計研究所,1
150,樹生(JUNA),樹生JUNA,1
151,木下建築設計事務所,木下建築設計事務所,1
152,瀧光夫,瀧光夫,1
153,坂倉竹之助,坂倉竹之助,1
154,大阪府企業局,大阪府企業局,1
155,香川県土木部建築課,香川県土木部建築課,1
156,毛利建築設計事務所,毛利建築設計事務所,1
157,遠藤剛生建築設計事務所,遠藤剛生建築設計事務所,1
158,コンコード建築設計事務所,konkoーdo建築設計事務所,1
159,前川国男建築設計事務所,前川国男建築設計事務所,1
160,川崎清＋環境・建築研究所,川崎清＋環境・建築研究所,1
161,丹下健三・都市・建築設計研究所,丹下健三・都市・建築設計研究所,1
162,創和設計,創和設計,1
163,野沢正光建築工房,野沢正光建築工房,1
164,三輪正弘環境造形研究所,三輪正弘環境造形研究所,1
165,佐藤武夫設計事務所,佐藤武夫設計事務所,1
166,彦谷建築設計事務所,彦谷建築設計事務所,1
167,計画・設計工房,計画・設計工房,1
168,鬼頭梓建築設計事務所,鬼頭梓建築設計事務所,1
169,パンデコン建築設計研究所,pandekon建築設計研究所,1
170,小林美夫＋アトリエ・K,小林美夫＋atorie・K,1
171,日本綜合建築事務所,日本綜合建築事務所,1
172,松田平田坂本設計事務所,松田平田坂本設計事務所,1
173,現代計画研究所,現代計画研究所,1
174,石本建築事務所,石本建築事務所,1
175,教育施設研究所・文部省工営課・岡野真,教育施設研究所・文部省工営課・岡野真,1
176,杉建築設計事務所,杉建築設計事務所,1
177,日本大学生産工学部宗研究室＋千代田建築研究所,日本大学生産工学部宗研究室＋千代田建築研究所,1
178,黒川哲郎＋臼田哲男,黒川哲郎＋臼田哲男,1
179,坂倉建築研究所,坂倉建築研究所,1
180,宮脇檀建築研究室,宮脇檀建築研究室,1
181,中村一・瀧光夫,中村一・瀧光夫,1
182,独楽蔵,独楽蔵,1
183,渡辺武信設計室,渡辺武信設計室,1
184,GRUPPE･KEN,GRUPPE･KEN,1
185,渡辺豊和建築工房,渡辺豊和建築工房,1
186,アトリエR,atorieR,1
187,清家清＋デザインシステム,清家清＋dezainshisutemu,1
188,アトリエ515A,atorie515A,1
189,竹山実建築綜合研究所,竹山実建築綜合研究所,1
190,東孝光建築研究所,東孝光建築研究所,1
191,林・山田・中原設計同人,林・山田・中原設計同人,1
192,石井和紘建築研究所,石井和紘建築研究所,1
193,谷口吉郎,谷口吉郎,1
194,前川国男建築設計事務所＋横山建築構造設計事務所,前川国男建築設計事務所＋横山建築構造設計事務所,1
195,京都市住宅局営繕課・設備部／川崎清＋建築研究協会,京都市住宅局営繕課・設備部／川崎清＋建築研究協会,1
196,AZ institute・環境計画研究所,AZ-institute・環境計画研究所,1
197,矢向建築事務所,矢向建築事務所,1
198,山本公也＋日本総合建築事務所＋S.D.G.システムディベロッピンググループ,山本公也＋日本総合建築事務所＋SDGshisutemudeィberoッpinguguruーpu,1
199,安東勝男＋建築計画連合,安東勝男＋建築計画連合,1
200,第一工房,第一工房,1
201,富家建築事務所,富家建築事務所,1
202,国建設計工務,国建設計工務,1
203,西野善介建築研究室,西野善介建築研究室,1
204,土岐新・建築総合計画事務所,土岐新・建築総合計画事務所,1
205,戸尾任宏／建築研究所アーキヴィジョン,戸尾任宏／建築研究所aーkiヴィjiョn,1
206,AZ institute PLUS計画設計事務所,AZ-institute-PLUS計画設計事務所,1
207,象設計集団＋アトリエ・モビル,象設計集団＋atorie・mobiru,1
208,岸本建築設計事務所＋近藤侊三建築研究室,岸本建築設計事務所＋近藤侊三建築研究室,1
209,神谷・荘司計画設計事務所,神谷・荘司計画設計事務所,1
210,光吉健次・茂木謙悟＋綜合建築設計研究所,光吉健次・茂木謙悟＋綜合建築設計研究所,1
211,北九州市建築局営繕課，機械課，電気課／光吉健次・茂木謙悟＋綜合建築設計研究所,北九州市建築局営繕課，機械課，電気課／光吉健次・茂木謙悟＋綜合建築設計研究所,1
212,六角鬼丈計画工房,六角鬼丈計画工房,1
213,武田光史,武田光史,1
214,浦田義久,浦田義久,1
215,アトリエ74,atorie74,1
216,本江謙次,本江謙次,1
217,保坂高,保坂高,1
218,辻隆司建築設計事務所,辻隆司建築設計事務所,1
219,RE設計事務所,RE設計事務所,1
220,林寛治,林寛治,1
221,浅井建築設計事務所,浅井建築設計事務所,1
222,R．カイザー,R．kaizaー,1
223,深谷俊則,深谷俊則,1
224,安藤忠雄建築研究所,tadao-ando-architectural-institute,1
225,武者英二研究室,武者英二研究室,1
226,柳建築設計事務所,柳建築設計事務所,1
227,奥村昭雄,奥村昭雄,1
228,都市環境・計画研究所,都市環境・計画研究所,1
229,六器建築設計事務所・浅野克彦,六器建築設計事務所・浅野克彦,1
230,YAS都市研究所,YAS都市研究所,1
231,SDA：スペースデザインアソシエート,SDA：supeーsudezainasoshieーto,1
232,鹿島建設建築設計本部建築設計部,鹿島建設建築設計本部建築設計部,1
233,杉山隆建築設計事務所,杉山隆建築設計事務所,1
234,由良滋,由良滋,1
235,竹中工務店東京支店,竹中工務店東京支店,1
236,建築設計工房TEAM RAP,建築設計工房TEAM-RAP,1
237,藤木忠善,藤木忠善,1
238,鈴木恂建築設計事務所,鈴木恂建築設計事務所,1
239,田中・西野設計事務所,田中・西野設計事務所,1
240,岡田・的場設計事務所＋岡田威海,岡田・的場設計事務所＋岡田威海,1
241,古橋建築事務所,古橋建築事務所,1
242,日建設計・東京／竹中工務店,日建設計・東京／竹中工務店,1
243,田中謙次建築研究所,田中謙次建築研究所,1
244,観光企画設計社＋R.C.ガイテ＆アソシエイツ,観光企画設計社＋RCgaite＆asoshieitsu,1
245,設計事務所ジェネラルドラフティング,設計事務所jiェnerarudorafuteィngu,1
246,高口恭行＋近畿建築構造研究所,高口恭行＋近畿建築構造研究所,1
247,武蔵野美術大学造形学部学科建築学科研究室＋保坂陽一郎建築研究所,武蔵野美術大学造形学部学科建築学科研究室＋保坂陽一郎建築研究所,1
248,レーモンド建築設計事務所,reーmondo建築設計事務所,1
249,小川信子＋アトリエ・モビル＋湯本貞子・阿部祥子,小川信子＋atorie・mobiru＋湯本貞子・阿部祥子,1
250,小川信子＋アトリエ・モビル,小川信子＋atorie・mobiru,1
251,小川信子＋アトリエ・モビル＋阿部幸正,小川信子＋atorie・mobiru＋阿部幸正,1
252,小川信子＋アトリエ・モビル＋赤井奈津子＋小笠原享,小川信子＋atorie・mobiru＋赤井奈津子＋小笠原享,1
253,日本設計事務所大阪支社,日本設計事務所大阪支社,1
254,漆原美代子事務所,漆原美代子事務所,1
255,小杉英男,小杉英男,1
256,寺本文夫,寺本文夫,1
257,寺本晰子,寺本晰子,1
258,小川守之,小川守之,1
259,石田信男,石田信男,1
260,SDA・スペースデザインアソシエート,SDA・supeーsudezainasoshieーto,1
261,北島道生アトリエ,北島道生atorie,1
262,吉島忠男,吉島忠男,1
263,高松伸,高松伸,1
264,山下司建築研究室,山下司建築研究室,1
265,水谷頴介＋都市・計画・設計研究所,水谷頴介＋都市・計画・設計研究所,1
266,阿部勤／アルテック建築研究所,阿部勤／aruteッku建築研究所,1
267,長尾重武,長尾重武,1
268,野田正治,野田正治,1
269,阿久井研究室,阿久井研究室,1
270,神谷五男,神谷五男,1
271,北海道建築設計監理・教育施設研究所共同企業体,北海道建築設計監理・教育施設研究所共同企業体,1
272,太田実,太田実,1
273,門設計研究所,門設計研究所,1
274,出江寛建築事務所,出江寛建築事務所,1
275,葉祥栄,葉祥栄,1
276,川崎清十環境・建築研究所,川崎清十環境・建築研究所,1
277,現代計画・三上設計共同企業体,現代計画・三上設計共同企業体,1
278,TRIAD建築設計事務所,TRIAD建築設計事務所,1
279,三浦紀之建築工房,三浦紀之建築工房,1
280,界工作舎,界工作舎,1
281,宮本忠長建築設計事務所,宮本忠長建築設計事務所,1
282,現代計画研究所・柴建築設計事務所設計共同企業体,現代計画研究所・柴建築設計事務所設計共同企業体,1
283,日本住宅公団関東支社・現代計画研究所,日本住宅公団関東支社・現代計画研究所,1
284,沖種郎＋設計連合,沖種郎＋設計連合,1
285,後藤真理子,後藤真理子,1
286,吉田研介,吉田研介,1
287,長島孝一,長島孝一,1
288,木村傳建築設計事務所,木村傳建築設計事務所,1
289,遠藤楽建築創作所,遠藤楽建築創作所,1
290,水澤工務店,水澤工務店,1
291,波多江健郎建築研究室,波多江健郎建築研究室,1
292,畠山博茂,畠山博茂,1
293,建築環境研究所,建築環境研究所,1
294,毛綱モン太建築工房,毛綱mon太建築工房,1
295,上遠野建築事務所,上遠野建築事務所,1
296,団建築設計事務所,団建築設計事務所,1
297,設計事務所ゲンプラン,設計事務所genpuran,1
298,黒川雅之建築設計事務所,黒川雅之建築設計事務所,1
299,横山公男・連合設計社,横山公男・連合設計社,1
300,U研究室,U研究室,1
301,吉沢都市・建築設計事務所,吉沢都市・建築設計事務所,1
302,西村征一郎・建築環境研究所,西村征一郎・建築環境研究所,1
303,RIA建築綜合研究所,RIA建築綜合研究所,1
304,斎藤裕建築研究室,斎藤裕建築研究室,1
305,郵政大臣官房建築部,郵政大臣官房建築部,1
306,ALP設計室,ALP設計室,1
307,DEN住宅研究室,DEN住宅研究室,1
308,三村翰＋計画研究所DAN,三村翰＋計画研究所DAN,1
309,富永讓＋フオルムシステム研究所,富永讓＋fuorumushisutemu研究所,1
310,東京都都市防災本部／東京都住宅局／日建設計,東京都都市防災本部／東京都住宅局／日建設計,1
311,内田繁,内田繁,1
312,三橋いく代,三橋iku代,1
313,PALインターナショナル,PALintaーnashiョnaru,1
314,都住創プロジェクトチーム,都住創purojiェkutochiーmu,1
315,堀江武之＋アトリエRIX,堀江武之＋atorieRIX,1
316,建築研究室DAP,建築研究室DAP,1
317,友常仁二,友常仁二,1
318,難波俊作,難波俊作,1
319,小宮山昭・ジェド建築設計研究所,小宮山昭・jiェdo建築設計研究所,1
320,石田設計事務所,石田設計事務所,1
321,園山高茂,園山高茂,1
322,神谷五男＋都市環境建築設計所,神谷五男＋都市環境建築設計所,1
323,早川邦彦＋建築計画工房,早川邦彦＋建築計画工房,1
324,清田育男,清田育男,1
325,渡辺明次建築研究室,渡辺明次建築研究室,1
326,三創建築都市設計,三創建築都市設計,1
327,大熊喜英,大熊喜英,1
328,田中清,田中清,1
329,野村加根夫,野村加根夫,1
330,山本理顕設計工場,山本理顕設計工場,1
331,瀧光夫・三宅宣哉,瀧光夫・三宅宣哉,1
332,森義純建築設計室,森義純建築設計室,1
333,日本大学理工学部理工学研究所,日本大学理工学部理工学研究所,1
334,早川邦彦建築研究室,早川邦彦建築研究室,1
335,富永譲＋フォルム・システム研究所,富永譲＋fuォrumu・shisutemu研究所,1
336,椎名政夫建築設計事務所,椎名政夫建築設計事務所,1
337,電電公社関東電気通信局建築部,電電公社関東電気通信局建築部,1
338,電電公社建築局,電電公社建築局,1
339,井上武吉,井上武吉,1
340,石間工務店,石間工務店,1
341,原広司＋アトリエφ,原広司＋atorieφ,1
342,ESTEC,ESTEC,1
343,松本光生建築設計事務所,松本光生建築設計事務所,1
344,ASTM企業連合,ASTM企業連合,1
345,横川隆一,横川隆一,1
346,大杉喜彦,大杉喜彦,1
347,北川原温／北河原環境建築設計事務所,北川原温／北河原環境建築設計事務所,1
348,八木こうじ,八木kouji,1
349,伊藤哲夫,伊藤哲夫,1
350,河原一郎建築設計事務所,河原一郎建築設計事務所,1
351,AZ institute 環境計画研究所＋山崎泰孝研究室,AZ-institute-環境計画研究所＋山崎泰孝研究室,1
352,黒川哲郎＋ハードウェア,黒川哲郎＋haーdouェa,1
353,池原研究室,池原研究室,1
354,曽根幸一・環境設計研究所,曽根幸一・環境設計研究所,1
355,大阪府建築部営繕室＋東畑建築事務所,大阪府建築部営繕室＋東畑建築事務所,1
356,大江宏建築事務所,大江宏建築事務所,1
357,小杉建築研究室,小杉建築研究室,1
358,高須賀晋1級建築士事務所,高須賀晋1級建築士事務所,1
359,大成建設＋竹中工務店,大成建設＋竹中工務店,1
360,戸田建設＋厳建築研究所＋三豊建築研究所,戸田建設＋厳建築研究所＋三豊建築研究所,1
361,萩原克彦設計事務所,萩原克彦設計事務所,1
362,森義純建築設計室(C.U.A.),森義純建築設計室CUA,1
363,佐藤工業,佐藤工業,1
364,柴田・高・設計プランニング事務所,柴田・高・設計puranningu事務所,1
365,吉田五十八研究室,吉田五十八研究室,1
366,中山繁信設計室,中山繁信設計室,1
367,YAS都市研究所（橋本文隆）,YAS都市研究所（橋本文隆）,1
368,AUR建築・都市・研究コンサルタント,AUR建築・都市・研究konsarutanto,1
369,神戸市住宅局営繕部＋坂倉建築研究所大阪事務所,神戸市住宅局営繕部＋坂倉建築研究所大阪事務所,1
370,天野・吉原設計事務所,天野・吉原設計事務所,1
371,パンデコン建築研究所,pandekon建築研究所,1
372,横河健,横河健,1
373,美建．計事務所,美建．計事務所,1
374,松本建築設計事務所,松本建築設計事務所,1
375,川崎市＋神谷・荘司計画設計事務所,川崎市＋神谷・荘司計画設計事務所,1
376,大阪府企業局建設課＋坂倉建築研究所大阪事務所,大阪府企業局建設課＋坂倉建築研究所大阪事務所,1
377,前川建築設計事務所,前川建築設計事務所,1
378,谷口・五井設計共同体,谷口・五井設計共同体,1
379,野田正治建築アトリエ,野田正治建築atorie,1
380,山田初江,山田初江,1
382,板垣元彬建築事務所,板垣元彬建築事務所,1
383,富岡伊都子,富岡伊都子,1
384,林雅子,林雅子,1
385,アトリエOAK,atorieOAK,1
386,毛綱モン太毅曠architects,毛綱mon太毅曠architects,1
387,神谷五男＋都市環境・建築設計所,神谷五男＋都市環境・建築設計所,1
388,設計・計画工房,設計・計画工房,1
389,谷口吉生,yoshio-taniguchi,1
390,高宮真介,高宮真介,1
391,伊丹潤建築研究所,伊丹潤建築研究所,1
392,fromnow建築計画事務所,fromnow建築計画事務所,1
393,前川國男建築設計事務所,前川國男建築設計事務所,1
394,シヴィック・デザイン研究所,shiヴィッku・dezain研究所,1
395,西野善介建築研究所・ZENPLAN,西野善介建築研究所・ZENPLAN,1
396,パシフィックコンサルタント＋坂倉建築研究所＋西野善介建築研究所,pashifuィッkukonsarutanto＋坂倉建築研究所＋西野善介建築研究所,1
397,井出一済建築設計事務所,井出一済建築設計事務所,1
398,港湾環境エンジニアリング・環境デザイン研究所,港湾環境enjiniaringu・環境dezain研究所,1
399,美建・設計事務所．石井修,美建・設計事務所．石井修,1
400,黒川建築事務所,黒川建築事務所,1
401,神戸市住宅局営繕部＋瀧光夫＋荒木造園設計事務所,神戸市住宅局営繕部＋瀧光夫＋荒木造園設計事務所,1
402,PALインターナショナルー級建築士事務所,PALintaーnashiョnaruー級建築士事務所,1
403,相田武文設計研究所＋中島建築事務所,相田武文設計研究所＋中島建築事務所,1
404,日本住宅公団関西支社＋環境・建築研究所,日本住宅公団関西支社＋環境・建築研究所,1
405,現代計画研究所＋山下和正建築研究所,現代計画研究所＋山下和正建築研究所,1
406,神戸市住宅局＋坂倉建築研究所大阪事務所,神戸市住宅局＋坂倉建築研究所大阪事務所,1
407,大阪府住宅供給公社＋坂倉建築研究所大阪事務所,大阪府住宅供給公社＋坂倉建築研究所大阪事務所,1
408,日本住宅公団関西支社＋坂倉建築研究所大阪事務所＋昭和事務所,日本住宅公団関西支社＋坂倉建築研究所大阪事務所＋昭和事務所,1
409,日本住宅公団関西支社＋坂倉建築研究所大阪事務所,日本住宅公団関西支社＋坂倉建築研究所大阪事務所,1
410,北川原環境建築設計事務所／ILCD,北川原環境建築設計事務所／ILCD,1
411,Team Zoo,Team-Zoo,1
412,能勢次郎,能勢次郎,1
413,翔アトリエ,翔atorie,1
414,小野辺均,小野辺均,1
415,内木政治,内木政治,1
416,竹中左右平,竹中左右平,1
417,前島晴夫,前島晴夫,1
418,村上徹建築設計事務所,村上徹建築設計事務所,1
419,吉村順三設計事務所,吉村順三設計事務所,1
420,小島孜,小島孜,1
421,佐賀和光,佐賀和光,1
422,筑波大学中央図書館設計小委員会＋岡田新一設計事務所,筑波大学中央図書館設計小委員会＋岡田新一設計事務所,1
423,山下設計,山下設計,1
424,坪井善正,坪井善正,1
425,電々公社建築局,電公社建築局,1
426,小林英嗣,小林英嗣,1
427,環境設計21,環境設計21,1
428,倉本たつひこ建築計画室,倉本tatsuhiko建築計画室,1
429,宮下勇,宮下勇,1
430,香山アトリエ＋環境造形研究所,香山atorie＋環境造形研究所,1
431,丸川建築設計事務所,丸川建築設計事務所,1
432,指宿真智雄・建築デザイン,指宿真智雄・建築dezain,1
433,武蔵野建築事務所,武蔵野建築事務所,1
434,工学院大学建築学科大学施設委員会,工学院大学建築学科大学施設委員会,1
435,葛西みさ子,葛西misa子,1
436,大杉喜彦建築綜合研究所,大杉喜彦建築綜合研究所,1
437,長島建築研究所＋土岐新建築総合計画事務所,長島建築研究所＋土岐新建築総合計画事務所,1
438,長島建築研究所,長島建築研究所,1
439,辰建設一級建築士事務所,辰建設一級建築士事務所,1
440,佐藤秀工務店,佐藤秀工務店,1
441,吉岡設計事務所,吉岡設計事務所,1
442,長谷川紘都市・建築研究室,長谷川紘都市・建築研究室,1
443,都市環境開発センター,都市環境開発sentaー,1
444,西原研究所,西原研究所,1
445,日建設計・東京＋環境デザイン研究所,日建設計・東京＋環境dezain研究所,1
446,葉デザイン事務所,葉dezain事務所,1
447,緒方理一郎建築研究所,緒方理一郎建築研究所,1
448,TEAM ZOO,TEAM-ZOO,1
449,いるかグループ,irukaguruーpu,1
450,本間利雄設計事務所＋地域環境計画研究室,本間利雄設計事務所＋地域環境計画研究室,1
451,斎藤義,斎藤義,1
452,北川原温／ILCD,北川原温／ILCD,1
453,毛綱モン太毅曠建築事務所,毛綱mon太毅曠建築事務所,1
454,浅井浩之,浅井浩之,1
455,伊東豊雄建築設計事務所,toyo-ito-associates,1
456,美建・設計事務所,美建・設計事務所,1
457,アトリエ・アイ,atorie・ai,1
458,観光企画設計社,観光企画設計社,1
459,長島孝一＋AUR,長島孝一＋AUR,1
460,谷口吉生・高宮真介,谷口吉生・高宮真介,1
461,安井建築設計事務所＋坂倉建築研究所＋パシフィックコンサルタンツ,安井建築設計事務所＋坂倉建築研究所＋pashifuィッkukonsarutantsu,1
462,戸尾任宏・建築研究所アーキヴィジョン,戸尾任宏・建築研究所aーkiヴィjiョn,1
463,内田祥哉＋アルセッド建築研究所,内田祥哉＋aruseッdo建築研究所,1
464,大江宏建築事務所・梅沢安恵設計事務所,大江宏建築事務所・梅沢安恵設計事務所,1
465,娑羅建築工房,娑羅建築工房,1
466,長建設計事務所,長建設計事務所,1
467,創設計事務所,創設計事務所,1
468,鈴木エドワード建築設計事務所,鈴木edowaーdo建築設計事務所,1
469,雨宮建築設計事務所,雨宮建築設計事務所,1
470,増沢建築設計事務所,増沢建築設計事務所,1
471,熊谷義信＋SD企画設計研究所,熊谷義信＋SD企画設計研究所,1
472,F設計計画事務所,F設計計画事務所,1
473,斎藤義建築設計事務所,斎藤義建築設計事務所,1
474,入江三宅設計事務所,入江三宅設計事務所,1
475,山崎泰孝・山内陸平＋AZ institute,山崎泰孝・山内陸平＋AZ-institute,1
476,大関徹建築設計事務所,大関徹建築設計事務所,1
477,飯倉開発プロジェクトチーム,飯倉開発purojiェkutochiーmu,1
478,東急設計コンサルタント,東急設計konsarutanto,1
479,現代計画・環境デザイン設計共同企業体,現代計画・環境dezain設計共同企業体,1
480,建築計画,建築計画,1
481,元倉真琴,元倉真琴,1
482,飯田善彦,飯田善彦,1
483,若山滋,若山滋,1
484,エンドウプランニング,endoupuranningu,1
485,エンドウプランニング・空間構造研究所,endoupuranningu・空間構造研究所,1
486,岡田建築・環境設計研究所,岡田建築・環境設計研究所,1
487,苅谷武郎,苅谷武郎,1
488,入江経一,入江経一,1
489,藍設計室,藍設計室,1
490,西沢文隆,西沢文隆,1
491,林昌二・林雅子,林昌二・林雅子,1
492,瀬尾武志＋トータルアーキプロジェック,瀬尾武志＋toーtaruaーkipurojiェッku,1
493,アトリエ・K,atorie・K,1
494,葛飾区建築部営繕課＋日本設計事務所,葛飾区建築部営繕課＋日本設計事務所,1
495,東京設計事務所,東京設計事務所,1
496,竹中工務店九州1級建築士事務所,竹中工務店九州1級建築士事務所,1
497,高口恭行＋造家研究室,高口恭行＋造家研究室,1
498,長谷川逸子建築計画工房,長谷川逸子建築計画工房,1
499,柴田・高・松永・設計プランニング事務所,柴田・高・松永・設計puranningu事務所,1
500,斎藤裕建築研究所,斎藤裕建築研究所,1
501,室伏次郎／アルテック建築研究所,室伏次郎／aruteッku建築研究所,1
502,中森紫光建築工房,中森紫光建築工房,1
503,小宮山昭＋アトリエR,小宮山昭＋atorieR,1
504,吉田研介建築設計室,吉田研介建築設計室,1
505,石井和紘建築研究所＋SUM建築設計事務所,石井和紘建築研究所＋SUM建築設計事務所,1
506,梓設計,梓設計,1
507,石井修,石井修,1
508,神戸市＋日建設計・大阪,神戸市＋日建設計・大阪,1
509,上田篤＋神戸市＋日建設計・大阪,上田篤＋神戸市＋日建設計・大阪,1
510,早田保博設計工場＋西野善介建築研究所,早田保博設計工場＋西野善介建築研究所,1
511,川島建築設計研究所,川島建築設計研究所,1
512,内田繁＋保科孝之,内田繁＋保科孝之,1
513,志木正弘・林公子（名城大学）,志木正弘・林公子（名城大学）,1
514,海藤建築事務所,海藤建築事務所,1
515,松本陽一設計事務所,松本陽一設計事務所,1
516,現代建築研究所,現代建築研究所,1
517,埼玉県＋坂倉建築研究所東京事務所,埼玉県＋坂倉建築研究所東京事務所,1
518,高松伸建築設計事務所,高松伸建築設計事務所,1
519,竹山実建築総合研究所,竹山実建築総合研究所,1
520,進藤繁,進藤繁,1
521,黒川哲郎＋デザインリーグ,黒川哲郎＋dezainriーgu,1
522,都市建築設計事務所,都市建築設計事務所,1
523,Kアトリエ,Katorie,1
524,東京工業大学茶谷研究室,東京工業大学茶谷研究室,1
525,石井修／美建・設計事務所,石井修／美建・設計事務所,1
526,海老原建築設計事務所,海老原建築設計事務所,1
527,愛知県建築部営繕課＋豊田市建設部住宅営繕部＋RIA建築綜合研究所,愛知県建築部営繕課＋豊田市建設部住宅営繕部＋RIA建築綜合研究所,1
528,美川淳而＋環・設計工房,美川淳而＋環・設計工房,1
529,TAKE－9計画設計研究所,TAKE－9計画設計研究所,1
530,富山県立美術館建設準備室＋富山県土木部営繕課＋日本総合建築事務所,富山県立美術館建設準備室＋富山県土木部営繕課＋日本総合建築事務所,1
531,EPI,EPI,1
532,椎名英三建築設計事務所,椎名英三建築設計事務所,1
533,石山修武＋小須田広利・山崎洋二（ダムダン空間工作所）,石山修武＋小須田広利・山崎洋二（damudan空間工作所）,1
534,原廣司＋アトリエ・ファイ,原廣司＋atorie・fuァi,1
535,Team ZOO,Team-ZOO,1
536,増田友也,増田友也,1
537,京都大学増田研究室＋生活環境研究所,京都大学増田研究室＋生活環境研究所,1
538,埼玉県住宅都市部営繕課＋坂倉建築研究所東京事務所,埼玉県住宅都市部営繕課＋坂倉建築研究所東京事務所,1
539,AZ Institute環境計画研究所,AZ-Institute環境計画研究所,1
540,北川原温＋ILCD,北川原温＋ILCD,1
541,毛綱毅曠建築事務所,毛綱毅曠建築事務所,1
542,大谷幸夫・大谷研究室,大谷幸夫・大谷研究室,1
543,建設省筑波研究学園都市営繕建設本部,建設省筑波研究学園都市営繕建設本部,1
544,日本設計・坂倉・第一工房設計監理共同企業体,日本設計・坂倉・第一工房設計監理共同企業体,1
545,甲南こもん基本設計ワーキンググループ,甲南komon基本設計waーkinguguruーpu,1
546,竜野松山設計事務所,竜野松山設計事務所,1
547,和設計事務所,和設計事務所,1
548,高松伸＋匠設計・渡辺勝美,高松伸＋匠設計・渡辺勝美,1
549,鈴木アソシエイツ,鈴木asoshieitsu,1
550,埼玉県住宅都市部＋設計事務所洋洋社,埼玉県住宅都市部＋設計事務所洋洋社,1
551,高松市建築課＋山本坦設計事務所,高松市建築課＋山本坦設計事務所,1
552,黒沢隆研究室＋早見プラザ一級建築士事務所,黒沢隆研究室＋早見puraza一級建築士事務所,1
553,大成建設大阪支店,大成建設大阪支店,1
554,ARCOM,ARCOM,1
555,香田由美子,香田由美子,1
556,木村丈夫,木村丈夫,1
557,ワークショップ,waーkushiョッpu,1
558,渡辺明設計事務所,渡辺明設計事務所,1
559,設計同人GAN,設計同人GAN,1
560,早川邦彦建築研究所,早川邦彦建築研究所,1
561,日建設計・名古屋,日建設計・名古屋,1
562,武澤秀一・用美強建築設計研究所,武澤秀一・用美強建築設計研究所,1
563,松本直高・建築設計事務所,松本直高・建築設計事務所,1
564,竹内武弘,竹内武弘,1
565,石井修＋東建築設計事務所,石井修＋東建築設計事務所,1
566,香山アトリエ／環境造形研究所,香山atorie／環境造形研究所,1
567,山下司建築研究所,山下司建築研究所,1
568,レーモンド設計事務所・田邊博司,reーmondo設計事務所・田邊博司,1
569,寺田秀夫＋竹山実（武蔵野美術大学造形学部建築学科研究室）,寺田秀夫＋竹山実（武蔵野美術大学造形学部建築学科研究室）,1
570,日建設計・東京＋SOM・シカゴ,日建設計・東京＋SOM・shikago,1
571,石山修武＋小松田弘一（ダムダン空間工作所）,石山修武＋小松田弘一（damudan空間工作所）,1
572,YAS都市研究所・橋本文隆,YAS都市研究所・橋本文隆,1
573,越後島研一,越後島研一,1
574,LAND建築事務所,LAND建築事務所,1
575,永田祐三,永田祐三,1
576,中地幹往,中地幹往,1
577,若林廣幸＋都市空間研究所,若林廣幸＋都市空間研究所,1
578,設計組織アモルフ,設計組織amorufu,1
579,渡辺明設計事務所＋G．パルフィ,渡辺明設計事務所＋G．parufuィ,1
580,神戸市住宅供給公社・坂倉建築研究所大阪事務所,神戸市住宅供給公社・坂倉建築研究所大阪事務所,1
581,鈴木恂建築研究所,鈴木恂建築研究所,1
582,ファイブ・ステージ設計事務所,fuァibu・suteーji設計事務所,1
583,岩田隆＋設計計画研究所,岩田隆＋設計計画研究所,1
584,天藤建築設計事務所,天藤建築設計事務所,1
585,京都市,京都市,1
586,内田祥哉＋TAKE-9計画設計研究所・アルセッド建築研究所・綜建築研究所,内田祥哉＋TAKE-9計画設計研究所・aruseッdo建築研究所・綜建築研究所,1
587,アーキスタジオ,aーkisutajio,1
588,栃木県土木部建築課,栃木県土木部建築課,1
589,川崎清＋環境建築研究所,川崎清＋環境建築研究所,1
590,環境設計工房,環境設計工房,1
591,森谷重雄＋計画工房U,森谷重雄＋計画工房U,1
592,早川建築設計事務所,早川建築設計事務所,1
593,小林恒建築研究所,小林恒建築研究所,1
594,長谷川清之,長谷川清之,1
595,野老設計事務所,野老設計事務所,1
596,畠山博茂建築設計事務所,畠山博茂建築設計事務所,1
597,板垣元彬,板垣元彬,1
598,PALインターナショナル一級建築士事務所,PALintaーnashiョnaru一級建築士事務所,1
599,芝浦工業大学高等学校建設委員会,芝浦工業大学高等学校建設委員会,1
600,アルセッド建築研究所,aruseッdo建築研究所,1
601,山下司研究室＋宅地開発研究所,山下司研究室＋宅地開発研究所,1
602,現代計画研究所＋広島市,現代計画研究所＋広島市,1
603,住宅・都市整備公団東京支社,住宅・都市整備公団東京支社,1
604,槇総合計画事務所＋東京大学槇研究室,槇総合計画事務所＋東京大学槇研究室,1
605,原広司＋アトリエ・ファイ,原広司＋atorie・fuァi,1
606,渡辺豊和建築工房 ; 西脇市,渡辺豊和建築工房-;-西脇市,1
607,伊丹潤,伊丹潤,1
608,日建設計・名古屋＋岐阜県,日建設計・名古屋＋岐阜県,1
609,高橋志保彦建築設計事務所,高橋志保彦建築設計事務所,1
610,中込清,中込清,1
611,野田俊太郎＋建築環境計画,野田俊太郎＋建築環境計画,1
612,芦原・谷口建築設計共同企業体,芦原・谷口建築設計共同企業体,1
613,群馬県＋坂倉建築研究所東京事務所,群馬県＋坂倉建築研究所東京事務所,1
614,建築企画設計社,建築企画設計社,1
615,荒木正彦設計事務所,荒木正彦設計事務所,1
616,広瀬鎌二,広瀬鎌二,1
617,林哲也設計事務所,林哲也設計事務所,1
618,SKM設計計画事務所,SKM設計計画事務所,1
619,竹中工務店大阪本店,竹中工務店大阪本店,1
620,北海道岡田新一設計事務所,北海道岡田新一設計事務所,1
621,山崎建築設計事務所,山崎建築設計事務所,1
622,青島設計,青島設計,1
623,神戸市住宅供給公社＋坂倉建築研究所大阪事務所,神戸市住宅供給公社＋坂倉建築研究所大阪事務所,1
624,フジタ工業＋ルイ・オータケ,fujita工業＋rui・oーtake,1
625,竹中工務店＋戸田建設＋ルイ・オータケ,竹中工務店＋戸田建設＋rui・oーtake,1
626,スイス国連邦建設局＋ロルフ・カイザー事務所,suisu国連邦建設局＋rorufu・kaizaー事務所,1
627,B･B･D＋設計事務所ゲンプラン,B･B･D＋設計事務所genpuran,1
628,瀬戸市文化センター建設室,瀬戸市文化sentaー建設室,1
629,愛知県建築部営繕課＋安井建築設計事務所名古屋事務所,愛知県建築部営繕課＋安井建築設計事務所名古屋事務所,1
630,末吉栄三計画研究室＋屋比久建築設計室＋泉建築設計事務所,末吉栄三計画研究室＋屋比久建築設計室＋泉建築設計事務所,1
631,横河健／横河設計工房,横河健／横河設計工房,1
632,石山修武＋鈴木隆行（ダムダン空間工作所）,石山修武＋鈴木隆行（damudan空間工作所）,1
633,アトリエ・モビル,atorie・mobiru,1
634,谷口建築設計研究所,谷口建築設計研究所,1
635,中川綜合設計事務所,中川綜合設計事務所,1
636,GA設計,GA設計,1
637,大河原実／晶空間工房,大河原実／晶空間工房,1
638,水野一郎＋金沢計画研究所,水野一郎＋金沢計画研究所,1
639,中村弘道,中村弘道,1
640,ヘキサ 小島孜,hekisa-小島孜,1
641,G.O.A.建築企画室 平倉直子,GOA建築企画室-平倉直子,1
642,建築研究室セクションR,建築研究室sekushiョnR,1
643,ESPA・栗山正也＋安藤正雄,ESPA・栗山正也＋安藤正雄,1
644,鉾之原建築設計研究室,鉾之原建築設計研究室,1
645,SEC,SEC,1
646,岳建築設計事務所,岳建築設計事務所,1
647,伊藤哲夫建築計画研究室,伊藤哲夫建築計画研究室,1
648,近藤春司・mu造家工房,近藤春司・mu造家工房,1
649,AUR建築・都市・研究・コンサルタント,AUR建築・都市・研究・konsarutanto,1
650,吉村篤一／建築環境研究所,吉村篤一／建築環境研究所,1
651,乃村工藝社,乃村工藝社,1
652,住宅都市整備公団関西支社,住宅都市整備公団関西支社,1
653,坂倉建築研究所東京事務所＋群馬県建築設計センター,坂倉建築研究所東京事務所＋群馬県建築設計sentaー,1
654,秋元和雄設計事務所,秋元和雄設計事務所,1
655,林寛治設計事務所,林寛治設計事務所,1
656,共同制作,共同制作,1
657,石山修武＋小須田広利（ダムダン空間工作所）,石山修武＋小須田広利（damudan空間工作所）,1
658,佐藤康治／クレヨンアンドアソシエイツ,佐藤康治／kureyonandoasoshieitsu,1
659,大石義一・岸和郎＋都市デザイン研究所,大石義一・岸和郎＋都市dezain研究所,1
660,北村建築設計室,北村建築設計室,1
661,村田政真建築設計事務所,村田政真建築設計事務所,1
662,梅沢安恵設計事務所,梅沢安恵設計事務所,1
663,藤建築事務所＋二村和幸,藤建築事務所＋二村和幸,1
664,出江寛建築事務所・新井組一級建築士事務所,出江寛建築事務所・新井組一級建築士事務所,1
665,山本西原建築設計事務所,山本西原建築設計事務所,1
666,野村加根夫設計事務所,野村加根夫設計事務所,1
667,ヘキサ,hekisa,1
668,中島龍彦建築事務所＋建築設計工房,中島龍彦建築事務所＋建築設計工房,1
669,土屋巌建築設計事務所,土屋巌建築設計事務所,1
670,田設計,田設計,1
671,岡山県,岡山県,1
672,羽深隆雄／栴工房,羽深隆雄／栴工房,1
673,上田篤＋都市工房,上田篤＋都市工房,1
674,ウォルト・ディズニー・プロダクションズ＋梓設計,uォruto・deィzuniー・purodakushiョnzu＋梓設計,1
675,ミノル・ヤマサキ＆アソシエイツ,minoru・yamasaki＆asoshieitsu,1
676,ハリー・ウィーズ＆アソシエイツ,hariー・uィーzu＆asoshieitsu,1
677,ISS総合計画事務所,ISS総合計画事務所,1
678,岩手県公共建築設計監理協会＋久慈・一戸建築事務所,岩手県公共建築設計監理協会＋久慈・一戸建築事務所,1
679,岡野真＋佐世保市都市計画部＋岡野設計監理事務所,岡野真＋佐世保市都市計画部＋岡野設計監理事務所,1
680,文化財保存計画協会,文化財保存計画協会,1
681,宮川浩,宮川浩,1
682,鈴木克彦建築研究所,鈴木克彦建築研究所,1
683,中建築設計事務所,中建築設計事務所,1
684,高原生樹建築設計事務所,高原生樹建築設計事務所,1
685,TAU設計房・藤島喬,TAU設計房・藤島喬,1
686,高山正実,高山正実,1
687,PAO設計／吉田勝＋寺本文夫,PAO設計／吉田勝＋寺本文夫,1
688,小林英治建築研究所,小林英治建築研究所,1
689,紫冨田啓一／設計室オリゾン,紫冨田啓一／設計室orizon,1
690,高橋真,高橋真,1
691,大沢良二／ESTEC,大沢良二／ESTEC,1
692,寺井徹設計事務所,寺井徹設計事務所,1
693,田中敏溥建築設計事務所,田中敏溥建築設計事務所,1
694,西本圭敦,西本圭敦,1
695,日建設計 大阪本社,日建設計-大阪本社,1
696,富山県設計監理協同組合,富山県設計監理協同組合,1
697,第一工房＋冨井建築設計研究室,第一工房＋冨井建築設計研究室,1
698,長谷雄聖建築設計事務所,長谷雄聖建築設計事務所,1
699,伊藤造園設計事務所,伊藤造園設計事務所,1
700,観光企画設計社・建築企画設計社,観光企画設計社・建築企画設計社,1
701,YKK50プロジェクトチーム,YKK50purojiェkutochiーmu,1
702,堀池秀人都市建築研究所,堀池秀人都市建築研究所,1
703,静岡設計連合,静岡設計連合,1
704,安藤忠雄建築研究所＋国建,安藤忠雄建築研究所＋国建,1
705,藤沢市建設局,藤沢市建設局,1
706,槇文彦＋槇総合計画事務所,槇文彦＋槇総合計画事務所,1
707,中日友好病院設計共同体（伊藤喜三郎建築研究所＋日建設計・東京）,中日友好病院設計共同体（伊藤喜三郎建築研究所＋日建設計・東京）,1
708,農村計画・建築研究所,農村計画・建築研究所,1
709,蓮田修吾郎・鈴木昌道,蓮田修吾郎・鈴木昌道,1
710,秩父治征環境計画研究所,秩父治征環境計画研究所,1
711,環境デザイン研究所＋スタジオA,環境dezain研究所＋sutajioA,1
712,石本建築事務所・久米建築事務所,石本建築事務所・久米建築事務所,1
713,奥村設計所,奥村設計所,1
714,佐藤親英,佐藤親英,1
715,飯田郷介,飯田郷介,1
716,川村正士・建築設計事務所,川村正士・建築設計事務所,1
717,YAS都市研究所-橋本文隆,YAS都市研究所-橋本文隆,1
718,小沢明建築研究室,小沢明建築研究室,1
719,工学院大学南迫研究室,工学院大学南迫研究室,1
720,栄孝志,栄孝志,1
721,山上建築設計事務所,山上建築設計事務所,1
722,後藤眞理子／現代設計研究所,後藤眞理子／現代設計研究所,1
723,梅田節郎／立体工房,梅田節郎／立体工房,1
724,湯澤正信,湯澤正信,1
725,鈴木了二建築計画事務所,鈴木了二建築計画事務所,1
726,高須賀晋・持井定城,高須賀晋・持井定城,1
727,工学院大学,工学院大学,1
728,谷口宗彦,谷口宗彦,1
729,小宮山昭,小宮山昭,1
730,愛知県・豊川市・青島設計,愛知県・豊川市・青島設計,1
731,浦辺建築事務所，松村慶三,浦辺建築事務所，松村慶三,1
732,現代計画研究所・倉森建築設計事務所,現代計画研究所・倉森建築設計事務所,1
733,真鍋一伸,真鍋一伸,1
734,名古屋市・黒川紀章建築都市設計事務所・シンワ設備設計事務所,名古屋市・黒川紀章建築都市設計事務所・shinwa設備設計事務所,1
735,大阪府住宅供給公社＋中島龍彦建築事務所,大阪府住宅供給公社＋中島龍彦建築事務所,1
736,大阪府住宅供給公社＋上田篤／都市工房,大阪府住宅供給公社＋上田篤／都市工房,1
737,八木幸二,八木幸二,1
738,濱口オサミ＋松井淳,濱口osami＋松井淳,1
739,大阪府建築部営繕室,大阪府建築部営繕室,1
740,秋田県土木建築課,秋田県土木建築課,1
741,原広司,hiroshi-hara,1
742,地域設計研究所,地域設計研究所,1
743,アトリエ・ファイ建築研究所,atorie・fuァi建築研究所,1
744,京都大学加藤研究室,京都大学加藤研究室,1
745,深田建築事務所,深田建築事務所,1
746,内藤廣建築設計事務所,内藤廣建築設計事務所,1
747,前川國男建築設計事務所，ミド同人,前川國男建築設計事務所，mido同人,1
748,原田和雄,原田和雄,1
749,前川建築設計事務所，ミド同人,前川建築設計事務所，mido同人,1
750,仲邑孔一,仲邑孔一,1
751,佐藤康治／クレヨン アンド アソシエイツ,佐藤康治／kureyon-ando-asoshieitsu,1
752,丹羽建築設計事務所,丹羽建築設計事務所,1
753,Team ZOO いるか設計集団,Team-ZOO-iruka設計集団,1
754,リシャール・ブリア＋SEC,rishiャーru・buria＋SEC,1
755,原口修一級建築士事務所,原口修一級建築士事務所,1
756,石橋利彦・徳川宜子,石橋利彦・徳川宜子,1
757,葛西秀一郎,葛西秀一郎,1
758,森島清太,森島清太,1
759,富永讓＋フォルムシステム設計研究所,富永讓＋fuォrumushisutemu設計研究所,1
760,高須賀晋・大野正博,高須賀晋・大野正博,1
761,石井勉＋TIME計画研究所,石井勉＋TIME計画研究所,1
762,赤尾建築研究所,赤尾建築研究所,1
763,環境設計,環境設計,1
764,下村・矢尾板都市建築研究所,下村・矢尾板都市建築研究所,1
765,小田襄＋大脇建築設計事務所,小田襄＋大脇建築設計事務所,1
766,日本電信電話公社建築局特殊建築工事事務所,日本電信電話公社建築局特殊建築工事事務所,1
767,東京都住宅局,東京都住宅局,1
768,山添建築設計事務所,山添建築設計事務所,1
769,Team ZOO アトリエ・モビル,Team-ZOO-atorie・mobiru,1
770,石山修武＋ダムダン空間工作所,石山修武＋damudan空間工作所,1
771,山崎敏男,山崎敏男,1
772,山中デザイン研究所,山中dezain研究所,1
773,村松基安,村松基安,1
774,竹中工務店九州支店,竹中工務店九州支店,1
775,三上祐三,三上祐三,1
776,吉田五十八研究室（第1期）,吉田五十八研究室（第1期）,1
777,野村加根夫設計事務所（第2期）,野村加根夫設計事務所（第2期）,1
778,日本大学理工学研究所,日本大学理工学研究所,1
779,NTT東海総支社建築部,NTT東海総支社建築部,1
780,キタムラ・アソシエイツ,kitamura・asoshieitsu,1
781,多田善昭建築設計事務所,多田善昭建築設計事務所,1
782,神戸市住宅局住宅部建設課,神戸市住宅局住宅部建設課,1
783,大阪府建築部営繕課,大阪府建築部営繕課,1
784,東綜合設計事務所,東綜合設計事務所,1
785,村瀬夘市,村瀬夘市,1
786,プロジェクトチーム,purojiェkutochiーmu,1
787,新田正樹建築設計工房,新田正樹建築設計工房,1
788,水谷研究室,水谷研究室,1
789,間組一級建築士事務所,間組一級建築士事務所,1
790,川崎市建築局,川崎市建築局,1
791,竹中工務店大阪本店設計部,竹中工務店大阪本店設計部,1
792,松村慶三,松村慶三,1
793,大成建設建築本部設計部,大成建設建築本部設計部,1
794,浜野商品研究所,浜野商品研究所,1
795,大林組東京本社設計部,大林組東京本社設計部,1
796,大倉建築設計事務所,大倉建築設計事務所,1
797,横浜市,横浜市,1
798,関口直史,関口直史,1
799,竹山聖,竹山聖,1
800,能勢修治,能勢修治,1
801,永井久美,永井久美,1
802,白井昱磨,白井昱磨,1
803,三島設計事務所,mishima-design,1
804,戸尾任宏,戸尾任宏,1
805,GK設計,GK設計,1
806,木立工房,木立工房,1
807,Team Zooいるか設計集団,Team-Zooiruka設計集団,1
808,石黒哲郎,石黒哲郎,1
809,末松設計事務所,末松設計事務所,1
810,張忠信,張忠信,1
811,岐阜市＋坂倉建築研究所大阪事務所,岐阜市＋坂倉建築研究所大阪事務所,1
812,後藤伸一,後藤伸一,1
813,北川原温,北川原温,1
814,江守奈比古,江守奈比古,1
815,永田浩,永田浩,1
816,白井晟一,白井晟一,1
817,東京都多摩動物公園工事課,東京都多摩動物公園工事課,1
818,秋元和雄,秋元和雄,1
819,森谷重雄・計画工房U,森谷重雄・計画工房U,1
820,長谷川逸子・建築計画工房,長谷川逸子・建築計画工房,1
821,アール・アイ・エー建築綜合研究所,aーru・ai・eー建築綜合研究所,1
822,徳岡昌克建築設計事務所,徳岡昌克建築設計事務所,1
823,橋本文隆,橋本文隆,1
824,西村征一郎,西村征一郎,1
825,高口恭行,高口恭行,1
826,沖縄総合事務局開発建設部,沖縄総合事務局開発建設部,1
827,三井所清典,三井所清典,1
828,宮下計画所,宮下計画所,1
829,Team ZOOアトリエ・モビル,Team-ZOOatorie・mobiru,1
830,the air 沖健次,the-air-沖健次,1
831,渡辺妃佐子,渡辺妃佐子,1
832,山本勝建築設計室,山本勝建築設計室,1
833,香山アトリエ／環境造形研究所 フジタ工業,香山atorie／環境造形研究所-fujita工業,1
834,住宅・都市整備公団／坂倉建築研究所東京事務所,住宅・都市整備公団／坂倉建築研究所東京事務所,1
835,建設大臣官房官庁営繕部／日本設計・佐藤武夫設計設計JV,建設大臣官房官庁営繕部／日本設計・佐藤武夫設計設計JV,1
836,福沢健次・小宮山昭＋ユニテ設計・計画,福沢健次・小宮山昭＋yunite設計・計画,1
837,東京ランドスケープ研究所,東京randosukeーpu研究所,1
838,I.I.E国際環境研究所,IIE国際環境研究所,1
839,NTT建築部,NTT建築部,1
840,設計工房,設計工房,1
841,博報堂,博報堂,1
842,日建・久米・安井設計監理JV,日建・久米・安井設計監理JV,1
843,日本建築学会学校建築に関する委員会,日本建築学会学校建築ni関suru委員会,1
844,アルコム,arukomu,1
845,環境構造センター,環境構造sentaー,1
846,クリストファー・アレギザンダー,kurisutofuァー・aregizandaー,1
847,オオバ設計共同企業体,ooba設計共同企業体,1
848,都市建築設計事務所Kアトリエ,都市建築設計事務所Katorie,1
849,鹿島建設建築設計本部,鹿島建設建築設計本部,1
850,伊藤陸川設計室,伊藤陸川設計室,1
851,北村陸夫,北村陸夫,1
852,竹中工務店東京本店設計部,竹中工務店東京本店設計部,1
853,佐賀県土木部建築課,佐賀県土木部建築課,1
854,戸田建設建築設計統轄部,戸田建設建築設計統轄部,1
855,象設計集団・地井昭夫,象設計集団・地井昭夫,1
856,アルプ,arupu,1
857,ダニエル・アルノー,danieru・arunoー,1
858,アラン・ガブリエリ,aran・gaburieri,1
859,青木茂建築工房,青木茂建築工房,1
860,住宅・都市整備公団,住宅・都市整備公団,1
861,富永讓,富永讓,1
862,フォルムシステム設計研究所,fuォrumushisutemu設計研究所,1
863,上田建築事務所,上田建築事務所,1
864,田邊博司,田邊博司,1
865,竹中工務店東京本店,竹中工務店東京本店,1
866,日本総合建築事務所,日本総合建築事務所,1
867,戸田一郎設計室,戸田一郎設計室,1
868,針谷建築事務所,針谷建築事務所,1
869,東設計工房設計共同企業体,東設計工房設計共同企業体,1
870,二基建築設計室,二基建築設計室,1
871,黒川紀章建築,黒川紀章建築,1
872,都市設計事務所,都市設計事務所,1
873,丹下健三,kenzo-tange,1
874,稲塚二郎,稲塚二郎,1
875,野村不動産一級建築士事務所,野村不動産一級建築士事務所,1
876,緒方四郎建築設計室,緒方四郎建築設計室,1
877,仙アートスタヂオ,仙aーtosutajio,1
878,石山修武,石山修武,1
879,ダムダン空間工作所,damudan空間工作所,1
880,新居千秋都市建築設計,新居千秋都市建築設計,1
881,岩村和夫,岩村和夫,1
882,都市デザイン,都市dezain,1
883,ヱノキ建築事務所,ヱnoki建築事務所,1
884,鹿島建設九州支店,鹿島建設九州支店,1
885,小栗廣正,小栗廣正,1
886,建築計画工房MA-TRICKS,建築計画工房MA-TRICKS,1
887,會田雄亮研究所,會田雄亮研究所,1
888,SINF,SINF,1
889,穴吹工務店,穴吹工務店,1
890,神戸大学重村研究室,神戸大学重村研究室,1
891,細木建築研究所,細木建築研究所,1
892,三輪環境計画,三輪環境計画,1
893,小谷設計,小谷設計,1
894,SAGA,SAGA,1
895,エーアート建築設計事務所,eーaーto建築設計事務所,1
896,大阪,大阪,1
897,今井裕夫設計所,今井裕夫設計所,1
898,MIDO同人・中田準一,MIDO同人・中田準一,1
899,林,林,1
900,山田,山田,1
901,中原,中原,1
902,堀池秀人都市・建築研究所,堀池秀人都市・建築研究所,1
903,田邊博司・レーモンド設計事務所,田邊博司・reーmondo設計事務所,1
904,大谷幸夫,大谷幸夫,1
905,環境事業計画研究所,環境事業計画研究所,1
906,建築計画設計室・平口研究室,建築計画設計室・平口研究室,1
907,小室雅伸／北海道建築工房,小室雅伸／北海道建築工房,1
908,北海道造園設計,北海道造園設計,1
909,太田賓＋都市設計研究所,太田賓＋都市設計研究所,1
910,テッド・イトウ アーキテクト＆アソシエイツ,teッdo・itou-aーkitekuto＆asoshieitsu,1
911,藤井博巳(芝浦工業大学建築工学科建築委員会),藤井博巳芝浦工業大学建築工学科建築委員会,1
912,京の家創り会設計集団 洛西コーポプロジェクトチーム,京no家創ri会設計集団-洛西koーpopurojiェkutochiーmu,1
913,羽深隆雄=栴工房設計事務所,羽深隆雄=栴工房設計事務所,1
914,ペリー・キング,periー・kingu,1
915,サンチャゴ・ミランダ,sanchiャgo・miranda,1
916,カザテック,kazateッku,1
917,林賢次郎・建築設計事務所,林賢次郎・建築設計事務所,1
918,建築設計室セクションR,建築設計室sekushiョnR,1
919,SEN建築環境設計,SEN建築環境設計,1
920,吉岡直樹建築設計事務所,吉岡直樹建築設計事務所,1
921,東畑建築事務所,東畑建築事務所,1
922,群建築研究所,群建築研究所,1
923,山本忠司,山本忠司,1
924,イサム・ノグチ,isamu・noguchi,1
925,嶋田宮城建築設計事務所,嶋田宮城建築設計事務所,1
926,ILCD,ILCD,1
927,西岡弘建築工房,西岡弘建築工房,1
928,関口雄三建築設計事務所,関口雄三建築設計事務所,1
929,武澤秀一,武澤秀一,1
930,保科孝之,保科孝之,1
931,スタジオ80,sutajio80,1
932,東京消防庁総務部施設課,東京消防庁総務部施設課,1
933,曽根幸一,曽根幸一,1
934,日建設計東京本社,日建設計東京本社,1
935,安井建築設計事務所東京事務所,安井建築設計事務所東京事務所,1
936,丹下健三・都市・建築設計研究所(実施案),丹下健三・都市・建築設計研究所実施案,1
937,NTT東京総支社建築センター,NTT東京総支社建築sentaー,1
938,SUR都市建築事務所,SUR都市建築事務所,1
939,野田俊太郎,野田俊太郎,1
940,建築環境計画,建築環境計画,1
941,TAO,TAO,1
942,ユニテ設計・計画,yunite設計・計画,1
943,大阪市都市整備局,大阪市都市整備局,1
944,塩入健史,塩入健史,1
945,設計共同企業体,設計共同企業体,1
946,リシャール・ブリア,rishiャーru・buria,1
947,ミド同人後藤伸一,mido同人後藤伸一,1
948,宮本眞建築設計研究所,宮本眞建築設計研究所,1
949,柳川正尚,柳川正尚,1
950,AZ環境計画研究所,AZ環境計画研究所,1
951,永田・北野建築研究所,永田・北野建築研究所,1
952,内井昭蔵,内井昭蔵,1
953,ピーター・アイゼンマン,piーtaー・aizenman,1
954,成瀬嘉一,成瀬嘉一,1
955,由利知久,由利知久,1
956,奥川洋一,奥川洋一,1
957,若松久男(鹿島建設)／ハンス・ホライン(オーストリア)／ベルナルド・チュミ(フランス)／小笠原攻(清水建設),若松久男鹿島建設／hansu・horainoーsutoria／berunarudo・chiュmifuransu／小笠原攻清水建設,1
958,柳沢孝彦(竹中工務店),柳沢孝彦竹中工務店,1
959,デザインリサーチ,dezainrisaーchi,1
960,大沼巖設計事務所,大沼巖設計事務所,1
961,山本公也,山本公也,1
962,沖種郎,沖種郎,1
963,柴田いづみ建築設計,柴田izumi建築設計,1
964,西野建築研究所＋ZENPLAN ASSOCIATES,西野建築研究所＋ZENPLAN-ASSOCIATES,1
965,仙田満,仙田満,1
966,都市・建築計画センター・ベーシック アトリエ・ファイ建築研究所,都市・建築計画sentaー・beーshiッku-atorie・fuァi建築研究所,1
967,木島安史,木島安史,1
968,ホール・グッドヒュー・ヘイズレイ,hoーru・guッdohiュー・heizurei,1
969,パーカー,paーkaー,1
970,木原千利建築設計事務所,木原千利建築設計事務所,1
971,秋元敏雄,秋元敏雄,1
972,建築設計工房,建築設計工房,1
973,武建築設計研究所,武建築設計研究所,1
974,森幹雄,森幹雄,1
975,AUR,AUR,1
976,若林広幸建築研究所,若林広幸建築研究所,1
977,中村勉,中村勉,1
978,建築計画設計室,建築計画設計室,1
979,平口研究室,平口研究室,1
980,東京郵政局建築部,東京郵政局建築部,1
981,建築計画工房,建築計画工房,1
982,都市・建築設計研究所,都市・建築設計研究所,1
983,鸞建築事務所,鸞建築事務所,1
984,大坂,大坂,1
985,アーキテクト,aーkitekuto,1
986,国建,国建,1
987,エー・アール・ジー,eー・aーru・jiー,1
988,久野和作,久野和作,1
989,環境設計綜合建築事務所,環境設計綜合建築事務所,1
990,環匠社,環匠社,1
991,アルキービ建築・造形・計画事務所,arukiーbi建築・造形・計画事務所,1
992,安井秀夫アトリエ,安井秀夫atorie,1
993,八代高専桂研究室＋設計計画,八代高専桂研究室＋設計計画,1
994,石丸事務所,石丸事務所,1
995,名古屋東急ホテル設計監理室(大林組・新井組),名古屋東急hoteru設計監理室大林組・新井組,1
996,大谷研究室・国建,大谷研究室・国建,1
997,矢吹昭良建築設計事務所,矢吹昭良建築設計事務所,1
998,佐藤商業建築研究所,佐藤商業建築研究所,1
999,堀池秀人都市,堀池秀人都市,1
1000,建築研究所,建築研究所,1
1001,松田平田坂本設計事務所大阪事務所,松田平田坂本設計事務所大阪事務所,1